Rk,Player,Team,Conf,G,Cmp,Att,Cmp%,Yds,TD,TD%,Int,Int%,Y/A,AY/A,Y/C,Y/G,Rate,Awards,Player-additional
1,Kyle McCord*,Syracuse,ACC,13,391,592,66.0,4779,34,5.7,12,2.0,8.1,8.31,12.2,367.6,148.8,H-10,kyle-mccord-1
2,Cameron Ward*,Miami (FL),ACC,13,305,454,67.2,4313,39,8.6,7,1.5,9.5,10.52,14.1,331.8,172.2,H-4AA,cameron-ward-1
3,Jaxson Dart*,Ole Miss,SEC,13,276,398,69.3,4279,29,7.3,6,1.5,10.8,11.53,15.5,329.2,180.7,,jaxson-dart-1
4,Shedeur Sanders*,Colorado,Big 12,13,353,477,74.0,4134,37,7.8,10,2.1,8.7,9.27,11.7,318.0,168.2,H-8,shedeur-sanders-1
5,Garrett Nussmeier*,LSU,SEC,13,337,525,64.2,4052,29,5.5,12,2.3,7.7,7.79,12.0,311.7,142.7,,garrett-nussmeier-1
6,Will Howard*,Ohio State,Big Ten,16,309,423,73.0,4010,35,8.3,10,2.4,9.5,10.07,13.0,250.6,175.3,,will-howard-2
7,Josh Hoover*,Texas Christian,Big 12,13,313,471,66.5,3949,27,5.7,11,2.3,8.4,8.48,12.6,303.8,151.1,,josh-hoover-1
8,Dillon Gabriel,Oregon,Big Ten,14,326,447,72.9,3857,30,6.7,6,1.3,8.6,9.37,11.8,275.5,164.9,H-3,dillon-gabriel-1
9,Chandler Morris*,North Texas,American,12,322,512,62.9,3774,31,6.1,12,2.3,7.4,7.53,11.7,314.5,140.1,,chandler-morris-1
10,Cade Klubnik,Clemson,ACC,14,308,486,63.4,3639,36,7.4,6,1.2,7.5,8.41,11.8,259.9,148.2,,cade-klubnik-1
11,Rocco Becht*,Iowa State,Big 12,14,271,456,59.4,3505,25,5.5,9,2.0,7.7,7.89,12.9,250.4,138.1,,rocco-becht-1
12,Seth Henigan*,Memphis,American,13,309,477,64.8,3502,25,5.2,6,1.3,7.3,7.82,11.3,269.4,141.2,,seth-henigan-1
13,Carson Beck,Georgia,SEC,13,290,448,64.7,3485,28,6.3,12,2.7,7.8,7.82,12.0,268.1,145.3,,carson-beck-1
14,Quinn Ewers*,Texas,SEC,14,293,445,65.8,3472,31,7.0,12,2.7,7.8,7.98,11.8,248.0,149.0,,quinn-ewers-1
15,Owen McCown*,UTSA,American,13,294,467,63.0,3424,25,5.4,10,2.1,7.3,7.44,11.6,263.4,137.9,,owen-mccown-1
16,Behren Morton*,Texas Tech,Big 12,12,295,466,63.3,3335,27,5.8,8,1.7,7.2,7.54,11.3,277.9,139.1,,behren-morton-1
17,Drew Allar*,Penn State,Big Ten,16,262,394,66.5,3327,24,6.1,8,2.0,8.4,8.75,12.7,207.9,153.5,,drew-allar-1
18,Kevin Jennings,SMU,ACC,14,247,380,65.0,3245,23,6.1,11,2.9,8.5,8.45,13.1,231.8,150.9,,kevin-jennings-2
19,Jordan McCloud*,Texas State,Sun Belt,13,273,389,70.2,3227,30,7.7,13,3.3,8.3,8.33,11.8,248.2,158.6,,jordan-mccloud-1
20,Tyler Shough*,Louisville,ACC,12,244,389,62.7,3195,23,5.9,6,1.5,8.2,8.70,13.1,266.3,148.1,,tyler-shough-1
21,Taylen Green*,Arkansas,SEC,13,230,381,60.4,3154,15,3.9,9,2.4,8.3,8.00,13.7,242.6,138.2,,taylen-green-1
22,John Mateer*,Washington State,Ind,12,224,347,64.6,3139,29,8.4,7,2.0,9.0,9.81,14.0,261.6,164.1,,john-mateer-1
23,Caden Veltkamp*,Western Kentucky,CUSA,13,258,389,66.3,3108,25,6.4,10,2.6,8.0,8.12,12.0,239.1,149.5,,caden-veltkamp-1
24,Nicholas Vattiato,Middle Tennessee State,CUSA,12,269,418,64.4,3092,16,3.8,10,2.4,7.4,7.09,11.5,257.7,134.3,,nicholas-vattiato-1
25,Sawyer Robertson*,Baylor,Big 12,12,229,368,62.2,3071,28,7.6,8,2.2,8.3,8.89,13.4,255.9,153.1,,sawyer-robertson-1
26,Connor Bazelak*,Bowling Green,MAC,13,269,402,66.9,3044,18,4.5,5,1.2,7.6,7.91,11.3,234.2,142.8,,connor-bazelak-1
27,Kurtis Rourke,Indiana,Big Ten,12,222,320,69.4,3042,29,9.1,5,1.6,9.5,10.62,13.7,253.5,176.0,H-9,kurtis-rourke-1
28,Maddux Madsen,Boise State,MWC,14,247,396,62.4,3018,23,5.8,6,1.5,7.6,8.10,12.2,215.6,142.5,,maddux-madsen-1
29,Fernando Mendoza*,California,ACC,11,265,386,68.7,3004,16,4.1,6,1.6,7.8,7.91,11.3,273.1,144.6,,fernando-mendoza-1
30,Joey Aguilar,Appalachian State,Sun Belt,11,218,390,55.9,3003,23,5.9,14,3.6,7.7,7.26,13.8,273.0,132.9,,joey-aguilar-1
31,Noah Fifita,Arizona,Big 12,12,260,430,60.5,2958,18,4.2,12,2.8,6.9,6.46,11.4,246.5,126.5,,noah-fifita-1
32,Jake Retzlaff*,BYU,Big 12,13,213,368,57.9,2947,20,5.4,12,3.3,8.0,7.63,13.8,226.7,136.6,,jake-retzlaff-1
33,Maalik Murphy*,Duke,ACC,12,254,421,60.3,2933,26,6.2,12,2.9,7.0,6.92,11.5,244.4,133.5,,maalik-murphy-2
34,Brett Gabbert*,Miami (OH),MAC,14,217,379,57.3,2921,21,5.5,11,2.9,7.7,7.51,13.5,208.6,134.5,,brett-gabbert-1
35,Kadin Semonza,Ball State,MAC,12,275,427,64.4,2904,25,5.9,10,2.3,6.8,6.92,10.6,242.0,136.2,,kadin-semonza-1
36,Mikey Keene*,Fresno State,MWC,12,277,393,70.5,2892,18,4.6,11,2.8,7.4,7.02,10.4,241.0,141.8,,mikey-keene-1
37,Sam Leavitt,Arizona State,Big 12,13,216,350,61.7,2885,24,6.9,6,1.7,8.2,8.84,13.4,221.9,150.2,,sam-leavitt-1
38,Billy Edwards Jr.,Maryland,Big Ten,11,273,420,65.0,2881,15,3.6,9,2.1,6.9,6.61,10.6,261.9,130.1,,billy-edwards-jr-1
39,Riley Leonard*,Notre Dame,Ind,16,269,403,66.7,2861,21,5.2,8,2.0,7.1,7.25,10.6,178.8,139.6,,riley-leonard-1
40,Jalen Milroe*,Alabama,SEC,13,205,319,64.3,2844,16,5.0,11,3.4,8.9,8.37,13.9,218.8,148.8,,jalen-milroe-1
41,JC French*,Georgia Southern,Sun Belt,13,269,410,65.6,2831,17,4.1,11,2.7,6.9,6.53,10.5,217.8,131.9,,jc-french-1
42,Max Brosmer*,Minnesota,Big Ten,13,268,403,66.5,2828,18,4.5,6,1.5,7.0,7.24,10.6,217.5,137.2,,max-brosmer-1
43,Dylan Raiola*,Nebraska,Big Ten,13,275,410,67.1,2819,13,3.2,11,2.7,6.9,6.30,10.3,216.8,129.9,,dylan-raiola-1
44,Brendan Sorsby,Cincinnati,Big 12,12,249,389,64.0,2813,18,4.6,7,1.8,7.2,7.35,11.3,234.4,136.4,,brendan-sorsby-1
45,Tucker Gleason*,Toledo,MAC,12,233,385,60.5,2808,24,6.2,8,2.1,7.3,7.61,12.1,234.0,138.2,,tucker-gleason-1
46,Brayden Fowler-Nicolosi*,Colorado State,MWC,13,230,380,60.5,2796,14,3.7,9,2.4,7.4,7.03,12.2,215.1,129.8,,brayden-fowler-nicolosi-1
47,Jaylen Raynor*,Arkansas State,Sun Belt,13,259,420,61.7,2783,16,3.8,10,2.4,6.6,6.32,10.7,214.1,125.1,,jaylen--raynor-1
48,Devon Dampier,New Mexico,MWC,12,226,390,57.9,2768,12,3.1,12,3.1,7.1,6.33,12.2,230.7,121.6,,devon-dampier-1
49,Ethan Garbers,UCLA,Big Ten,11,235,363,64.7,2727,16,4.4,11,3.0,7.5,7.03,11.6,247.9,136.3,,ethan-garbers-1
50,Darian Mensah*,Tulane,American,13,189,287,65.9,2723,22,7.7,6,2.1,9.5,10.08,14.4,209.5,166.7,,darian-mensah-1
51,Luke Altmyer*,Illinois,Big Ten,13,211,347,60.8,2717,22,6.3,6,1.7,7.8,8.32,12.9,209.0,144.0,,luke-altmyer-1
52,Payton Thorne,Auburn,SEC,11,199,317,62.8,2713,21,6.6,9,2.8,8.6,8.61,13.6,246.6,150.8,,payton-thorne-1
53,Avery Johnson*,Kansas State,Big 12,13,217,372,58.3,2712,25,6.7,10,2.7,7.3,7.42,12.5,208.6,136.4,,avery-johnson-2
54,E.J. Warner,Rice,American,11,272,439,62.0,2710,17,3.9,13,3.0,6.2,5.62,10.0,246.4,120.7,,ej-warner-1
55,Athan Kaliakmanis*,Rutgers,Big Ten,13,213,395,53.9,2696,18,4.6,7,1.8,6.8,6.94,12.7,207.4,122.8,,athan-kaliakmanis-1
56,Cole Snyder,Eastern Michigan,MAC,12,240,402,59.7,2684,15,3.7,9,2.2,6.7,6.42,11.2,223.7,123.6,,cole-snyder-2
57,Nico Iamaleava,Tennessee,SEC,13,213,334,63.8,2616,19,5.7,5,1.5,7.8,8.30,12.3,201.2,145.3,,nico-iamaleava-1
58,Ben Finley,Akron,MAC,12,212,387,54.8,2604,16,4.1,9,2.3,6.7,6.51,12.3,217.0,120.3,,ben-finley-1
59,Alonza Barnett III*,James Madison,Sun Belt,12,213,355,60.0,2598,26,7.3,4,1.1,7.3,8.28,12.2,216.5,143.4,,alonza-barnett-iii-1
60,Hank Bachmeier,Wake Forest,ACC,12,224,357,62.7,2593,16,4.5,10,2.8,7.3,6.90,11.6,216.1,132.9,,hank-bachmeier-1
61,Brayden Schager,Hawaii,MWC,11,233,403,57.8,2591,19,4.7,13,3.2,6.4,5.92,11.1,235.5,120.9,,brayden-schager-1
62,Gio Lopez*,South Alabama,Sun Belt,11,206,312,66.0,2559,18,5.8,5,1.6,8.2,8.63,12.4,232.6,150.8,,gio-lopez-1
63,Keyone Jenkins,Florida International,CUSA,12,188,304,61.8,2557,22,7.2,8,2.6,8.4,8.67,13.6,213.1,151.1,,keyone-jenkins-1
64,Miller Moss*,USC,Big Ten,9,233,362,64.4,2555,18,5.0,9,2.5,7.1,6.93,11.0,283.9,135.1,,miller-moss-1
65,Tyler Huff*,Jacksonville State,CUSA,14,178,293,60.8,2543,14,4.8,7,2.4,8.7,8.56,14.3,181.6,144.6,,tyler-huff-1
66,Brady Cook*,Missouri,SEC,12,201,321,62.6,2535,11,3.4,2,0.6,7.9,8.30,12.6,211.3,139.0,,brady-cook-1
67,LaNorris Sellers*,South Carolina,SEC,12,196,299,65.6,2534,18,6.0,7,2.3,8.5,8.63,12.9,211.2,151.9,,lanorris-sellers-1
68,Walker Eget*,San Jose State,MWC,12,188,328,57.3,2504,13,4.0,10,3.0,7.6,7.05,13.3,208.7,128.4,,walker-eget-1
69,Jacolby Criswell*,North Carolina,ACC,12,186,320,58.1,2459,15,4.7,6,1.9,7.7,7.78,13.2,204.9,134.4,,jacolby-criswell-1
70,Will Rogers*,Washington,Big Ten,11,220,311,70.7,2458,14,4.5,7,2.3,7.9,7.79,11.2,223.5,147.5,,will-rogers-1
71,Jalon Daniels,Kansas,Big 12,12,171,300,57.0,2454,14,4.7,12,4.0,8.2,7.31,14.4,204.5,133.1,,jalon-daniels-1
72,Ben Wooldridge*,Louisiana,Sun Belt,11,192,291,66.0,2453,17,5.8,6,2.1,8.4,8.67,12.8,223.0,151.9,,ben-wooldridge-1
73,Alan Bowman,Oklahoma State,Big 12,11,204,340,60.0,2423,16,4.7,12,3.5,7.1,6.48,11.9,220.3,128.3,,alan-bowman-1
74,Parker Navarro*,Ohio,MAC,13,195,295,66.1,2423,13,4.4,11,3.7,8.2,7.42,12.4,186.4,142.2,,parker-navarro-1
75,Aidan Chiles,Michigan State,Big Ten,12,192,323,59.4,2415,13,4.0,11,3.4,7.5,6.75,12.6,201.3,128.7,,aidan-chiles-1
76,CJ Bailey*,North Carolina State,ACC,12,196,302,64.9,2413,17,5.6,10,3.3,8.0,7.63,12.3,201.1,144.0,,cj-bailey-2
77,Hayden Wolff*,Western Michigan,MAC,13,208,312,66.7,2410,18,5.8,8,2.6,7.7,7.72,11.6,185.4,145.5,,hayden-wolff-1
78,CJ Ogbonna*,Buffalo,MAC,13,190,336,56.5,2381,19,5.7,5,1.5,7.1,7.55,12.5,183.2,131.8,,cj-ogbonna-1
79,Spencer Petras,Utah State,MWC,9,214,327,65.4,2315,17,5.2,11,3.4,7.1,6.61,10.8,257.2,135.3,,spencer-petras-1
80,Garrett Greene*,West Virginia,Big 12,11,189,315,60.0,2300,15,4.8,12,3.8,7.3,6.54,12.2,209.1,129.4,,garrett-greene-1
81,Diego Pavia*,Vanderbilt,SEC,13,177,298,59.4,2293,20,6.7,4,1.3,7.7,8.43,13.0,176.4,143.5,,diego-pavia-1
82,Brendon Lewis,Nevada,MWC,12,211,312,67.6,2290,16,5.1,7,2.2,7.3,7.36,10.9,190.8,141.7,,brendon-lewis-1
83,Eli Holstein*,Pitt,ACC,10,180,291,61.9,2228,17,5.8,7,2.4,7.7,7.74,12.4,222.8,140.6,,eli-holstein-1
84,Jalen Kitna,UAB,American,8,196,316,62.0,2209,17,5.4,11,3.5,7.0,6.50,11.3,276.1,131.5,,jalen-kitna-1
85,Danny O'Neil,San Diego State,MWC,11,209,330,63.3,2181,12,3.6,6,1.8,6.6,6.52,10.4,198.3,127.2,,danny-oneil-2
86,Anthony Colandrea,Virginia,ACC,11,198,320,61.9,2125,13,4.1,11,3.4,6.6,5.91,10.7,193.2,124.2,,anthony-colandrea-1
87,Haynes King*,Georgia Tech,ACC,11,196,269,72.9,2114,14,5.2,2,0.7,7.9,8.57,10.8,192.2,154.6,,haynes-king-1
88,Ethan Vasko*,Coastal Carolina,Sun Belt,12,148,271,54.6,2110,14,5.2,8,3.0,7.8,7.49,14.3,175.8,131.2,,ethan-vasko-1
89,Evan Bullock*,Louisiana Tech,CUSA,12,197,300,65.7,2104,14,4.7,3,1.0,7.0,7.50,10.7,175.3,138.0,,evan-bullock-1
90,Christian Veilleux,Georgia State,Sun Belt,10,166,291,57.0,2047,13,4.5,11,3.8,7.0,6.23,12.3,204.7,123.3,,christian-veilleux-1
91,Evan Simon,Temple,American,9,181,308,58.8,2032,15,4.9,9,2.9,6.6,6.26,11.2,225.8,124.4,,evan-simon-1
92,Katin Houser*,East Carolina,American,9,149,245,60.8,2006,18,7.3,11,4.5,8.2,7.64,13.5,222.9,144.9,,katin-houser-1
93,Hajj-Malik Williams*,Nevada-Las Vegas,MWC,13,150,252,59.5,1941,19,7.5,5,2.0,7.7,8.32,12.9,149.3,145.1,,hajj-malik-williams-1
94,Braedyn Locke,Wisconsin,Big Ten,11,164,296,55.4,1936,13,4.4,10,3.4,6.5,5.90,11.8,176.0,118.1,,braedyn-locke-1
95,DJ Lagway*,Florida,SEC,12,115,192,59.9,1915,12,6.3,9,4.7,10.0,9.11,16.7,159.6,154.9,,dj-lagway-1
96,Bryce Archie*,South Florida,American,12,172,290,59.3,1914,9,3.1,10,3.4,6.6,5.67,11.1,159.5,118.1,,bryce-archie-1
97,Kaidon Salter*,Liberty,CUSA,11,147,261,56.3,1886,15,5.7,6,2.3,7.2,7.34,12.8,171.5,131.4,,kaidon-salter-1
98,Michael Van Buren Jr.,Mississippi State,SEC,10,140,256,54.7,1886,11,4.3,7,2.7,7.4,7.00,13.5,188.6,125.3,,michael-van-buren-jr-1
99,Marcel Reed*,Texas A&M,SEC,11,147,240,61.3,1864,15,6.3,6,2.5,7.8,7.89,12.7,169.5,142.1,,marcel-reed-1
100,Hunter Watson*,Sam Houston,CUSA,12,175,281,62.3,1811,12,4.3,8,2.8,6.4,6.02,10.3,150.9,124.8,,hunter-watson-1
101,Deshawn Purdie,Charlotte,American,9,100,200,50.0,1802,10,5.0,6,3.0,9.0,8.66,18.0,200.2,136.2,,deshawn-purdie-1
102,Jack Lausch,Northwestern,Big Ten,10,159,296,53.7,1714,7,2.4,8,2.7,5.8,5.05,10.8,171.4,104.8,,jack-lausch-1
103,Ashton Daniels,Stanford,ACC,11,170,271,62.7,1700,10,3.7,12,4.4,6.3,5.02,10.0,154.5,118.7,,ashton-daniels-1
104,Hudson Card,Purdue,Big Ten,10,144,248,58.1,1641,9,3.6,7,2.8,6.6,6.07,11.4,164.1,120.0,,hudson-card-1
105,Joe Fagnano*,Connecticut,Ind,10,120,206,58.3,1631,20,9.7,4,1.9,7.9,8.99,13.6,163.1,152.9,,joe-fagnano-1
106,Colton Joseph,Old Dominion,Sun Belt,9,133,222,59.9,1627,11,5.0,5,2.3,7.3,7.31,12.2,180.8,133.3,,colton-joseph-1
107,Braylon Braxton,Marshall,Sun Belt,11,124,206,60.2,1624,19,9.2,2,1.0,7.9,9.29,13.1,147.6,154.9,,braylon-braxton-1
108,Emmett Brown*,San Jose State,MWC,9,125,217,57.6,1621,16,7.4,5,2.3,7.5,7.91,13.0,180.1,140.1,,emmett-brown-1
109,Matthew Caldwell,Troy,Sun Belt,10,141,223,63.2,1608,13,5.8,8,3.6,7.2,6.76,11.4,160.8,135.9,,matthew-caldwell-1
110,Ethan Hampton*,Northern Illinois,MAC,11,144,247,58.3,1600,12,4.9,6,2.4,6.5,6.36,11.1,145.5,123.9,,ethan-hampton-1
111,Brock Vandagriff,Kentucky,SEC,11,125,218,57.3,1593,10,4.6,8,3.7,7.3,6.57,12.7,144.8,126.5,,brock-vandagriff-1
112,Taisun Phommachanh,Massachusetts,Ind,9,132,234,56.4,1590,8,3.4,6,2.6,6.8,6.32,12.0,176.7,119.6,,taisun-phommachanh-1
113,Kirk Francis,Tulsa,American,11,149,253,58.9,1585,9,3.6,6,2.4,6.3,5.91,10.6,144.1,118.5,,kirk-francis-1
114,Skyler Locklear,UTEP,CUSA,10,148,233,63.5,1583,10,4.3,6,2.6,6.8,6.49,10.7,158.3,129.6,,skyler-locklear-1
115,Kyron Drones*,Virginia Tech,ACC,9,136,224,60.7,1562,10,4.5,6,2.7,7.0,6.66,11.5,173.6,128.7,,kyron-drones-1
116,Cam Fancher,Florida Atlantic,American,9,126,212,59.4,1528,6,2.8,6,2.8,7.2,6.50,12.1,169.8,123.7,,cam-fancher-1
117,Isaac Wilson,Utah,Big 12,9,127,225,56.4,1510,10,4.4,11,4.9,6.7,5.40,11.9,167.8,117.7,,isaac-wilson-1
118,Davis Bryson,Kennesaw State,CUSA,11,143,261,54.8,1495,6,2.3,10,3.8,5.7,4.46,10.5,135.9,102.8,,davis-bryson-1
119,Jake Garcia*,East Carolina,American,6,109,181,60.2,1426,8,4.4,12,6.6,7.9,5.78,13.1,237.7,127.7,,jake-garcia-1
120,Jackson Arnold*,Oklahoma,SEC,10,154,246,62.6,1421,12,4.9,3,1.2,5.8,6.20,9.2,142.1,124.8,,jackson-arnold-1
121,Thomas Castellanos*,Boston College,ACC,8,99,161,61.5,1366,18,11.2,5,3.1,8.5,9.32,13.8,170.8,163.4,,thomas-castellanos-1
122,Blake Horvath*,Navy,American,12,80,139,57.6,1353,13,9.4,4,2.9,9.7,10.31,16.9,112.8,164.4,,blake-horvath-1
123,Tommy Ulatowski,Kent State,MAC,10,81,175,46.3,1353,15,8.6,8,4.6,7.7,7.39,16.7,135.3,130.4,,tommy-ulatowski-1
124,Evan Svoboda,Wyoming,MWC,12,111,226,49.1,1318,5,2.2,8,3.5,5.8,4.68,11.9,109.8,98.3,,evan-svoboda-1
125,Gevani McCoy,Oregon State,Ind,10,123,202,60.9,1300,3,1.5,6,3.0,6.4,5.40,10.6,130.0,113.9,,gevani-mccoy-1
126,Aiden Armenta,Louisiana-Monroe,Sun Belt,12,104,190,54.7,1292,9,4.7,10,5.3,6.8,5.38,12.4,107.7,117.0,,aiden-armenta-1
127,Grayson James*,Boston College,ACC,6,106,166,63.9,1202,6,3.6,2,1.2,7.2,7.42,11.3,200.3,134.2,,grayson-james-1
128,Jayden Maiava*,USC,Big Ten,7,101,169,59.8,1201,11,6.5,6,3.6,7.1,6.81,11.9,171.6,133.8,,jayden-maiava-1
129,Davis Warren*,Michigan,Big Ten,9,134,209,64.1,1199,7,3.3,9,4.3,5.7,4.47,8.9,133.2,114.7,,davis-warren-1
130,Cooper Legas,Tulsa,American,11,87,162,53.7,1144,12,7.4,6,3.7,7.1,6.88,13.1,104.0,130.1,,cooper-legas-1
131,Joey Labas,Central Michigan,MAC,6,94,160,58.8,1114,7,4.4,7,4.4,7.0,5.87,11.9,185.7,122.9,,joey-labas-1
132,Parker Awad,New Mexico State,CUSA,7,74,160,46.3,1079,7,4.4,4,2.5,6.7,6.49,14.6,154.1,112.3,,parker-awad-1
133,D.J. Uiagalelei,Florida State,ACC,5,84,156,53.8,1065,4,2.6,6,3.8,6.8,5.61,12.7,213.0,112.0,,dj-uiagalelei-1
134,Nate Yarnell*,Pitt,ACC,9,98,167,58.7,1056,10,6.0,5,3.0,6.3,6.17,10.8,117.3,125.6,,nate-yarnell-1
135,Cade McNamara*,Iowa,Big Ten,8,104,172,60.5,1017,6,3.5,5,2.9,5.9,5.30,9.8,127.1,115.8,,cade-mcnamara-1
136,K.J. Jefferson,UCF,Big 12,5,64,108,59.3,1012,7,6.5,4,3.7,9.4,9.00,15.8,202.4,152.0,,kj-jefferson-1
137,Bryson Daily*,Army,American,13,54,103,52.4,1007,9,8.7,4,3.9,9.8,9.78,18.6,77.5,155.6,H-6,bryson-daily-1
138,Zach Gibson,Georgia State,Sun Belt,7,102,151,67.5,1004,7,4.6,2,1.3,6.6,6.98,9.8,143.4,136.1,,zach-gibson-1
139,Tate Rodemaker,Southern Mississippi,Sun Belt,9,98,164,59.8,985,7,4.3,7,4.3,6.0,4.94,10.1,109.4,115.8,,tate-rodemaker-1
140,Blake Shapen,Mississippi State,SEC,4,74,108,68.5,974,8,7.4,1,0.9,9.0,10.08,13.2,243.5,166.9,,blake-shapen-1
141,Kaden Anderson,Wyoming,MWC,9,70,120,58.3,955,6,5.0,3,2.5,8.0,7.83,13.6,106.1,136.7,,kaden-anderson-1
142,Demond Williams Jr.*,Washington,Big Ten,13,82,105,78.1,944,8,7.6,1,1.0,9.0,10.09,11.5,72.6,176.9,,demond-williams-jr-1
143,Ben Gulbranson,Oregon State,Ind,5,78,128,60.9,943,4,3.1,4,3.1,7.4,6.59,12.1,188.6,126.9,,ben-gulbranson-1
144,Arch Manning*,Texas,SEC,10,61,90,67.8,939,9,10.0,2,2.2,10.4,11.43,15.4,93.9,184.0,,arch-manning-1
145,Nick Evers*,Connecticut,Ind,9,97,180,53.9,918,5,2.8,5,2.8,5.1,4.41,9.5,102.0,100.3,,nick-evers-1
146,Dylan Rizk,UCF,Big 12,6,72,117,61.5,904,5,4.3,2,1.7,7.7,7.81,12.6,150.7,137.1,,dylan-rizk-1
147,Chandler Fields*,Louisiana,Sun Belt,7,63,87,72.4,897,5,5.7,1,1.1,10.3,10.94,14.2,128.1,175.7,,chandler-fields-1
148,Donovan Smith,Houston,Big 12,9,87,133,65.4,867,4,3.0,8,6.0,6.5,4.41,10.0,96.3,118.1,,donovan-smith-2
149,Bryson Barnes,Utah State,MWC,9,77,126,61.1,856,12,9.5,6,4.8,6.8,6.56,11.1,95.1,140.1,,bryson-barnes-1
150,Ethan Crawford,Southern Mississippi,Sun Belt,8,50,120,41.7,849,0,0.0,7,5.8,7.1,4.45,17.0,106.1,89.4,,ethan-crawford-2
151,Byrum Brown*,South Florida,American,6,78,132,59.1,836,2,1.5,0,0.0,6.3,6.64,10.7,139.3,117.3,,byrum-brown-1
152,Zeon Chriss,Houston,Big 12,11,83,130,63.8,824,4,3.1,8,6.2,6.3,4.18,9.9,74.9,114.9,,zeon-chriss-1
153,Conner Weigman*,Texas A&M,SEC,6,64,114,56.1,819,3,2.6,5,4.4,7.2,5.74,12.8,136.5,116.4,,conner-weigman-1
154,Jacob Zeno,UAB,American,4,82,118,69.5,819,6,5.1,5,4.2,6.9,6.05,10.0,204.8,136.1,,jacob-zeno-1
155,Graham Mertz*,Florida,SEC,5,72,94,76.6,791,6,6.4,2,2.1,8.4,8.73,11.0,158.2,164.1,,graham-mertz-1
156,Michael Hawkins Jr.*,Oklahoma,SEC,7,76,120,63.3,783,3,2.5,2,1.7,6.5,6.28,10.3,111.9,123.1,,michael-hawkins-jr-1
157,Stone Earle,Marshall,Sun Belt,9,65,120,54.2,673,7,5.8,2,1.7,5.6,6.03,10.4,74.8,117.2,,stone-earle-1
158,Bishop Davenport*,South Alabama,Sun Belt,11,48,79,60.8,606,3,3.8,1,1.3,7.7,7.86,12.6,55.1,135.2,,bishop-davenport-2
159,Brock Glenn,Florida State,ACC,7,51,114,44.7,597,4,3.5,5,4.4,5.2,3.96,11.7,85.3,91.5,,brock-glenn-1
160,Josh Holst*,Northern Illinois,MAC,7,65,111,58.6,593,2,1.8,2,1.8,5.3,4.89,9.1,84.7,105.8,,josh-holst-1
161,Micah Alejado,Hawaii,MWC,4,49,70,70.0,585,6,8.6,0,0.0,8.4,10.07,11.9,146.3,168.5,,micah-alejado-1
162,Aaron Philo*,Georgia Tech,ACC,5,38,74,51.4,565,1,1.4,2,2.7,7.6,6.69,14.9,113.0,114.5,,aaron-philo-1
163,Max Brown,Charlotte,American,5,43,93,46.2,561,3,3.2,6,6.5,6.0,3.77,13.0,112.2,94.6,,max-brown-1
164,Cameron Rising,Utah,Big 12,3,34,66,51.5,555,7,10.6,3,4.5,8.4,8.48,16.3,185.0,148.1,,cameron-rising-1
165,Tyriq Starks,Florida Atlantic,American,5,39,63,61.9,550,6,9.5,2,3.2,8.7,9.21,14.1,110.0,160.3,,tyriq-starks-1
166,Tony Muskett,Virginia,ACC,8,45,76,59.2,545,3,3.9,3,3.9,7.2,6.18,12.1,68.1,124.6,,tony-muskett-1
167,Will Crowder,Troy,Sun Belt,4,43,62,69.4,542,5,8.1,0,0.0,8.7,10.35,12.6,135.5,169.4,,will-crowder-1
168,Forrest Brock,Temple,American,3,60,102,58.8,541,1,1.0,5,4.9,5.3,3.29,9.0,180.3,96.8,,forrest-brock-1
169,Cade McConnell,UTEP,CUSA,6,40,71,56.3,540,4,5.6,3,4.2,7.6,6.83,13.5,90.0,130.4,,cade-mcconnell-2
170,Ryan Browne,Purdue,Big Ten,8,43,76,56.6,532,4,5.3,2,2.6,7.0,6.87,12.4,66.5,127.5,,ryan-browne-1
171,Santino Marucci,New Mexico State,CUSA,7,49,112,43.8,519,3,2.7,5,4.5,4.6,3.16,10.6,74.1,82.6,,santino-marucci-1
172,Grayson McCall*,North Carolina State,ACC,4,53,80,66.3,518,3,3.8,2,2.5,6.5,6.10,9.8,129.5,128.0,,grayson-mccall-1
173,Grant Wilson,Old Dominion,Sun Belt,3,48,86,55.8,507,4,4.7,3,3.5,5.9,5.26,10.6,169.0,113.7,,grant-wilson-1
174,Luke Kromenhoek,Florida State,ACC,6,44,84,52.4,502,3,3.6,2,2.4,6.0,5.62,11.4,83.7,109.6,,luke-kromenhoek-1
175,John Alan Richter*,Toledo,MAC,5,43,67,64.2,497,4,6.0,0,0.0,7.4,8.61,11.6,99.4,146.2,,john-alan-richter-1
176,TJ Finley*,Western Kentucky,CUSA,3,48,75,64.0,490,1,1.3,2,2.7,6.5,5.60,10.2,163.3,117.9,,tj-finley-1
177,Maealiuaki Smith,Oklahoma State,Big 12,4,44,74,59.5,489,2,2.7,4,5.4,6.6,4.72,11.1,122.3,113.1,,maealiuaki-smith-1
178,William Watson III*,Virginia Tech,ACC,5,34,58,58.6,481,1,1.7,2,3.4,8.3,7.09,14.1,96.2,127.1,,william-watson-iii-1
179,AJ Hairston,Massachusetts,Ind,4,40,73,54.8,480,5,6.8,0,0.0,6.6,7.95,12.0,120.0,132.6,,aj-hairston-1
180,Brendan Sullivan*,Iowa,Big Ten,10,38,53,71.7,475,3,5.7,3,5.7,9.0,7.55,12.5,47.5,154.3,,brendan-sullivan-1
181,Jack Turner*,Louisiana Tech,CUSA,7,40,76,52.6,471,2,2.6,2,2.6,6.2,5.54,11.8,67.3,108.1,,jack-turner-1
182,Will Hammond*,Texas Tech,Big 12,4,35,57,61.4,471,2,3.5,2,3.5,8.3,7.39,13.5,117.8,135.4,,will-hammond-1
183,Drew Mestemaker*,North Texas,American,5,30,46,65.2,462,2,4.3,2,4.3,10.0,8.96,15.4,92.4,155.2,,drew-mestemaker-1
184,Quentin Hayes,Air Force,MWC,10,25,43,58.1,455,3,7.0,2,4.7,10.6,9.88,18.2,45.5,160.7,,quentin-hayes-2
185,Gunner Stockton,Georgia,SEC,5,45,64,70.3,440,1,1.6,1,1.6,6.9,6.48,9.8,88.0,130.1,,gunner-stockton-1
186,Jadyn Glasser,Central Michigan,MAC,4,41,76,53.9,439,2,2.6,4,5.3,5.8,3.93,10.7,109.8,100.6,,jadyn-glasser-1
187,Nicco Marchiol*,West Virginia,Big 12,8,37,56,66.1,434,5,8.9,2,3.6,7.8,7.93,11.7,54.3,153.5,,nicco-marchiol-1
188,Devin Kargman,Kent State,MAC,4,45,82,54.9,432,3,3.7,2,2.4,5.3,4.90,9.6,108.0,106.3,,devin-kargman-1
189,Zevi Eckhaus*,Washington State,Ind,3,37,50,74.0,424,4,8.0,2,4.0,8.5,8.28,11.5,141.3,163.6,,zevi-eckhaus-1
190,Tyler Van Dyke,Wisconsin,Big Ten,3,43,68,63.2,422,1,1.5,0,0.0,6.2,6.50,9.8,140.7,120.2,,tyler-van-dyke-1
191,Preston Stone,SMU,ACC,7,30,51,58.8,421,5,9.8,1,2.0,8.3,9.33,14.0,60.1,156.6,,preston-stone-1
192,Kasen Weisman,Florida Atlantic,American,7,39,73,53.4,416,2,2.7,3,4.1,5.7,4.40,10.7,59.4,102.1,,kasen-weisman-2
193,John Busha,Air Force,MWC,6,29,79,36.7,415,1,1.3,5,6.3,5.3,2.66,14.3,69.2,72.4,,john-busha-1
194,Collin Schlee*,Virginia Tech,ACC,9,28,55,50.9,414,3,5.5,1,1.8,7.5,7.80,14.8,46.0,128.5,,collin-schlee-1
195,Zach Pyron*,Georgia Tech,ACC,10,35,65,53.8,409,2,3.1,3,4.6,6.3,4.83,11.7,40.9,107.6,,zach-pyron-1
196,Hank Brown,Auburn,SEC,4,27,43,62.8,403,6,14.0,3,7.0,9.4,9.02,14.9,100.8,173.6,,hank-brown-1
197,Jacurri Brown,UCF,Big 12,9,35,67,52.2,398,1,1.5,4,6.0,5.9,3.55,11.4,44.2,95.1,,jacurri-brown-1
198,Drew Pyne*,Missouri,SEC,6,49,82,59.8,391,3,3.7,3,3.7,4.8,3.85,8.0,65.2,104.6,,drew-pyne-1
199,Tucker Kilcrease,Troy,Sun Belt,7,28,51,54.9,377,3,5.9,1,2.0,7.4,7.69,13.5,53.9,132.5,,tucker-kilcrease-1
200,Malachi Singleton*,Arkansas,SEC,5,21,28,75.0,358,1,3.6,0,0.0,12.8,13.50,17.0,71.6,194.2,,malachi-singleton-1
201,Mike Wright,Northwestern,Big Ten,3,38,66,57.6,354,0,0.0,1,1.5,5.4,4.68,9.3,118.0,99.6,,mike-wright-8
202,MJ Morris,Maryland,Big Ten,7,36,61,59.0,350,5,8.2,5,8.2,5.7,3.69,9.7,50.0,117.9,,mj-morris-1
203,Tayven Jackson,Indiana,Big Ten,7,23,37,62.2,349,4,10.8,1,2.7,9.4,10.38,15.2,49.9,171.7,,tayven-jackson-1
204,Cutter Boley,Kentucky,SEC,4,26,53,49.1,338,2,3.8,4,7.5,6.4,3.74,13.0,84.5,100.0,,cutter-boley-1
205,Noah Kim*,Coastal Carolina,Sun Belt,7,30,56,53.6,333,4,7.1,1,1.8,5.9,6.57,11.1,47.6,123.5,,noah-kim-1
206,Trexler Ivey,Charlotte,American,8,34,59,57.6,326,3,5.1,2,3.4,5.5,5.02,9.6,40.8,114.0,,trexler-ivey-1
207,Robby Ashford*,South Carolina,SEC,8,23,32,71.9,324,2,6.3,0,0.0,10.1,11.38,14.1,40.5,177.6,,robby-ashford-1
208,Matthew Sluka*,Nevada-Las Vegas,MWC,3,21,48,43.8,318,6,12.5,1,2.1,6.6,8.19,15.1,106.0,136.5,,matthew-sluka-1
209,Blake Baker*,Louisiana Tech,CUSA,3,18,34,52.9,314,1,2.9,3,8.8,9.2,5.85,17.4,104.7,122.6,,blake-baker-1
210,Jase Bauer*,Sam Houston,CUSA,7,40,65,61.5,310,2,3.1,1,1.5,4.8,4.69,7.8,44.3,108.7,,jase-bauer-1
211,DeQuan Finn*,Baylor,Big 12,3,23,43,53.5,307,3,7.0,2,4.7,7.1,6.44,13.3,102.3,127.2,,dequan-finn-1
212,General Booty,Louisiana-Monroe,Sun Belt,7,29,54,53.7,306,2,3.7,2,3.7,5.7,4.74,10.6,43.7,106.1,,general-booty-1
213,Jack Tuttle*,Michigan,Big Ten,2,30,50,60.0,306,1,2.0,2,4.0,6.1,4.72,10.2,153.0,110.0,,jack-tuttle-1
214,Justin Lamson,Stanford,ACC,12,24,47,51.1,300,4,8.5,2,4.3,6.4,6.17,12.5,25.0,124.3,,justin-lamson-1
215,Michael Kern,Wake Forest,ACC,6,24,45,53.3,288,1,2.2,3,6.7,6.4,3.84,12.0,48.0,101.1,,michael-kern-1
216,Gavin Wimsatt,Kentucky,SEC,8,16,39,41.0,287,3,7.7,4,10.3,7.4,4.28,17.9,35.9,107.7,,gavin-wimsatt-1
217,Tyler Jefferson,Central Michigan,MAC,7,27,58,46.6,286,0,0.0,1,1.7,4.9,4.16,10.6,40.9,84.5,,tyler-jefferson-1
218,Austin Simmons*,Ole Miss,SEC,9,19,32,59.4,282,2,6.3,0,0.0,8.8,10.06,14.8,31.3,154.0,,austin-simmons-2
219,Conner Harrell*,North Carolina,ACC,6,21,37,56.8,282,2,5.4,1,2.7,7.6,7.49,13.4,47.0,133.2,,conner-harrell-1
220,Beau Pribula*,Penn State,Big Ten,13,26,35,74.3,275,5,14.3,1,2.9,7.9,9.43,10.6,21.2,181.7,,beau-pribula-1
221,Elijah Brown,Stanford,ACC,3,28,48,58.3,274,2,4.2,3,6.3,5.7,3.73,9.8,91.3,107.5,,elijah-brown-5
222,Nick Poulos*,Ohio,MAC,8,22,49,44.9,271,2,4.1,1,2.0,5.5,5.43,12.3,33.9,100.7,,nick-poulos-1
223,Steve Angeli*,Notre Dame,Ind,11,24,36,66.7,268,3,8.3,0,0.0,7.4,9.11,11.2,24.4,156.7,,steve-angeli-1
224,Dexter Williams II*,Georgia Southern,Sun Belt,5,19,30,63.3,248,3,10.0,0,0.0,8.3,10.27,13.1,49.6,165.8,,dexter-williams-ii-1
225,Braxton Woodson*,Navy,American,10,18,36,50.0,243,2,5.6,2,5.6,6.8,5.36,13.5,24.3,113.9,,braxton-woodson-1
226,Henry Belvin IV*,Duke,ACC,4,26,45,57.8,243,2,4.4,1,2.2,5.4,5.29,9.3,60.8,113.4,,henry-belvin-iv-1
227,John White,Southern Mississippi,Sun Belt,4,17,31,54.8,240,0,0.0,3,9.7,7.7,3.39,14.1,60.0,100.5,,john-white-14
228,Chubba Purdy,Nevada,MWC,7,18,25,72.0,239,1,4.0,1,4.0,9.6,8.56,13.3,34.1,157.5,,chubba-purdy-1
229,Eddie Lee Marburger*,UTSA,American,7,22,40,55.0,234,2,5.0,3,7.5,5.9,3.48,10.6,33.4,105.6,,eddie-lee-marburger-1
230,Aidan Warner*,Florida,SEC,6,21,50,42.0,228,0,0.0,3,6.0,4.6,1.86,10.9,38.0,68.3,,aidan-warner-1
231,Harrison Bailey*,Louisville,ACC,5,24,33,72.7,227,3,9.1,0,0.0,6.9,8.70,9.5,45.4,160.5,,harrison-bailey-1
232,JP Pickles,UTEP,CUSA,3,30,53,56.6,226,0,0.0,1,1.9,4.3,3.42,7.5,75.3,88.6,,jp-pickles-1
233,Javance Tupou'ata-Johnson,San Diego State,MWC,4,20,39,51.3,222,2,5.1,2,5.1,5.7,4.41,11.1,55.5,105.8,,javance-tupouata-johnson-1
234,Jackson Stratton*,Iowa,Big Ten,3,21,35,60.0,219,1,2.9,0,0.0,6.3,6.83,10.4,73.0,122.0,,jackson-stratton-1
235,Tommy Schuster,Michigan State,Big Ten,5,20,29,69.0,202,0,0.0,0,0.0,7.0,6.97,10.1,40.4,127.5,,tommy-schuster-1
236,Gaston Moore,Tennessee,SEC,6,16,27,59.3,201,2,7.4,2,7.4,7.4,5.59,12.6,33.5,131.4,,gaston-moore-1
237,Ty Thompson*,Tulane,American,12,17,40,42.5,199,3,7.5,3,7.5,5.0,3.10,11.7,16.6,94.0,,ty-thompson-2
238,Israel Carter*,South Florida,American,4,11,14,78.6,195,4,28.6,0,0.0,13.9,19.64,17.7,48.8,289.9,,israel-carter-1
239,Joshua Wood*,Fresno State,MWC,13,18,28,64.3,195,1,3.6,1,3.6,7.0,6.07,10.8,15.0,127.4,,joshua-wood-1
240,Garret Rangel,Oklahoma State,Big 12,4,17,33,51.5,192,2,6.1,1,3.0,5.8,5.67,11.3,48.0,114.3,,garret-rangel-1
241,Christopher Vizzina,Clemson,ACC,7,19,34,55.9,190,0,0.0,0,0.0,5.6,5.59,10.0,27.1,102.8,,christopher-vizzina-1
242,Emory Williams*,Miami (FL),ACC,2,16,26,61.5,187,1,3.8,1,3.8,7.2,6.23,11.7,93.5,127.0,,emory-williams-1
243,CJ Harris*,California,ACC,2,19,31,61.3,184,0,0.0,1,3.2,5.9,4.48,9.7,92.0,104.7,,cj-harris-2
244,Billy Atkins*,James Madison,Sun Belt,3,16,24,66.7,181,1,4.2,0,0.0,7.5,8.38,11.3,60.3,143.8,,billy-atkins-2
245,Quinn Henicle,Old Dominion,Sun Belt,3,14,25,56.0,181,2,8.0,1,4.0,7.2,7.04,12.9,60.3,135.2,,quinn-henicle-1
246,Justyn Martin,UCLA,Big Ten,3,24,35,68.6,179,1,2.9,0,0.0,5.1,5.69,7.5,59.7,121.0,,justyn-martin-1
247,Tahj Bullock,Akron,MAC,12,21,29,72.4,176,0,0.0,0,0.0,6.1,6.07,8.4,14.7,123.4,,tahj-bullock-1
248,Gabarri Johnson,Oregon State,Ind,6,15,29,51.7,174,0,0.0,1,3.4,6.0,4.45,11.6,29.0,95.2,,gabarri-johnson-1
249,AJ Bianco,Nevada,MWC,5,16,24,66.7,173,1,4.2,0,0.0,7.2,8.04,10.8,34.6,141.0,,aj-bianco-1
250,Tad Hudson*,Coastal Carolina,Sun Belt,1,17,26,65.4,173,2,7.7,0,0.0,6.7,8.19,10.2,173.0,146.7,,tad-hudson-1
251,Luke Bottari,Utah,Big 12,3,19,30,63.3,171,1,3.3,0,0.0,5.7,6.37,9.0,57.0,122.2,,luke-bottari-1
252,Jeff Sims,Arizona State,Big 12,4,13,25,52.0,168,0,0.0,0,0.0,6.7,6.72,12.9,42.0,108.4,,jeff-sims-1
253,Ty Simpson*,Alabama,SEC,6,14,25,56.0,167,0,0.0,0,0.0,6.7,6.68,11.9,27.8,112.1,,ty-simpson-1
254,Timmy Mcclain*,Arkansas State,Sun Belt,4,14,21,66.7,163,3,14.3,0,0.0,7.8,10.62,11.6,40.8,179.0,,timmy-mcclain-1
255,Brandon Rose,Utah,Big 12,3,19,36,52.8,157,2,5.6,2,5.6,4.4,2.97,8.3,52.3,96.6,,brandon-rose-1
256,Alex Orji*,Michigan,Big Ten,11,25,47,53.2,150,3,6.4,2,4.3,3.2,2.55,6.0,13.6,92.6,,alex-orji-1
257,RJ Martinez*,Texas State,Sun Belt,4,18,24,75.0,148,0,0.0,1,4.2,6.2,4.29,8.2,37.0,118.5,,rj-martinez-1
258,Drew Devillier,Rice,American,3,20,38,52.6,137,0,0.0,0,0.0,3.6,3.61,6.9,45.7,82.9,,drew-devillier-1
259,Malachi Nelson,Boise State,MWC,3,12,17,70.6,128,0,0.0,1,5.9,7.5,4.88,10.7,42.7,122.1,,malachi-nelson-1
260,Daniel Beale*,Louisiana,Sun Belt,3,13,30,43.3,126,0,0.0,2,6.7,4.2,1.20,9.7,42.0,65.3,,daniel-beale-1
261,Jermiah Salem,Eastern Michigan,MAC,3,8,11,72.7,126,1,9.1,1,9.1,11.5,9.18,15.8,42.0,180.8,,jermiah-salem-1
262,Josh Johnson,Air Force,MWC,6,6,14,42.9,126,1,7.1,3,21.4,9.0,0.79,21.0,21.0,99.2,,josh-johnson-10
263,Logan Smothers*,Jacksonville State,CUSA,7,11,19,57.9,123,0,0.0,0,0.0,6.5,6.47,11.2,17.6,112.3,,logan-smothers-1
264,Dewayne Coleman*,Army,American,7,11,16,68.8,121,1,6.3,0,0.0,7.6,8.81,11.0,17.3,152.9,,dewayne-coleman-1
265,Ryan Hilinski,Northwestern,Big Ten,4,9,15,60.0,121,0,0.0,1,6.7,8.1,5.07,13.4,30.3,114.4,,ryan-hilinski-1
266,Brad Jackson*,Texas State,Sun Belt,3,8,15,53.3,118,1,6.7,0,0.0,7.9,9.20,14.8,39.3,141.4,,brad-jackson-2
267,Chandler Rogers*,California,ACC,8,12,25,48.0,117,0,0.0,0,0.0,4.7,4.68,9.8,14.6,87.3,,chandler-rogers-3
268,Devin Brown*,Ohio State,Big Ten,9,11,20,55.0,114,1,5.0,0,0.0,5.7,6.70,10.4,12.7,119.4,,devin-brown-2
269,Ui Ale,Houston,Big 12,2,10,13,76.9,112,1,7.7,0,0.0,8.6,10.15,11.2,56.0,174.7,,ui-ale-1
270,David Lynch*,Pitt,ACC,3,16,27,59.3,111,0,0.0,3,11.1,4.1,-0.89,6.9,37.0,71.6,,david-lynch-1
271,Dalvin Smith*,Western Kentucky,CUSA,14,3,4,75.0,107,2,50.0,0,0.0,26.8,36.75,35.7,7.6,464.7,,dalvin-smith-1
272,Amari Jones,Florida International,CUSA,5,7,12,58.3,101,1,8.3,1,8.3,8.4,6.33,14.4,20.2,139.9,,amari-jones-1
273,Heinrich Haarberg*,Nebraska,Big Ten,12,10,18,55.6,101,0,0.0,1,5.6,5.6,3.11,10.1,8.4,91.6,,heinrich-haarberg-1
274,Bert Emanuel Jr.,Central Michigan,MAC,3,4,6,66.7,99,2,33.3,0,0.0,16.5,23.17,24.8,33.0,315.3,,bert-emanuel-jr-1
275,Ken Seals*,Texas Christian,Big 12,6,10,13,76.9,97,1,7.7,0,0.0,7.5,9.00,9.7,16.2,165.0,,ken-seals-1
276,Henry Hesson*,Miami (OH),MAC,5,7,17,41.2,93,1,5.9,0,0.0,5.5,6.65,13.3,18.6,106.5,,henry-hesson-1
277,Brandon Nunez,New Mexico State,CUSA,6,12,30,40.0,89,2,6.7,1,3.3,3.0,2.80,7.4,14.8,80.3,,brandon-nunez-1
278,Ryan Burger*,Liberty,CUSA,5,8,19,42.1,88,0,0.0,0,0.0,4.6,4.63,11.0,17.6,81.0,,ryan-burger-1
279,Michael Merdinger*,North Carolina,ACC,1,9,12,75.0,86,0,0.0,1,8.3,7.2,3.42,9.6,86.0,118.5,,michael-merdinger-1
280,Julian Sayin*,Ohio State,Big Ten,4,5,12,41.7,84,1,8.3,0,0.0,7.0,8.67,16.8,21.0,128.0,,julian-sayin-1
281,Brandon Engel,Air Force,MWC,11,2,2,100.0,81,0,0.0,0,0.0,40.5,40.50,40.5,7.4,440.2,,brandon-engel-1
282,Ruel Tomlinson,Kent State,MAC,4,11,28,39.3,73,0,0.0,2,7.1,2.6,-0.61,6.6,18.3,46.9,,ruel-tomlinson-1
283,Julian Dugger*,Pitt,ACC,1,7,13,53.8,72,2,15.4,1,7.7,5.5,5.15,10.3,72.0,135.8,,julian-dugger-1
284,Will Perry,Massachusetts,Ind,1,7,11,63.6,72,1,9.1,0,0.0,6.5,8.36,10.3,72.0,148.6,,will-perry-1
285,Iverson Hooks,UAB,American,12,1,1,100.0,71,0,0.0,0,0.0,71.0,71.00,71.0,5.9,696.4,,iverson-hooks-1
286,Max Johnson*,North Carolina,ACC,1,12,19,63.2,71,0,0.0,1,5.3,3.7,1.37,5.9,71.0,84.0,,max-johnson-2
287,Trenton Bourguet,Arizona State,Big 12,2,2,3,66.7,71,1,33.3,0,0.0,23.7,30.33,35.5,35.5,375.5,,trenton-bourguet-1
288,Cameron Edge,Maryland,Big Ten,2,5,8,62.5,67,1,12.5,0,0.0,8.4,10.88,13.4,33.5,174.1,,cameron-edge-1
289,Luke Elzinga*,Oklahoma,SEC,13,3,3,100.0,66,0,0.0,0,0.0,22.0,22.00,22.0,5.1,284.8,,luke-elzinga-1
290,Lex Thomas*,North Carolina State,ACC,2,5,8,62.5,65,1,12.5,1,12.5,8.1,5.00,13.0,32.5,147.0,,lex-thomas-1
291,Cameron Friel*,Nevada-Las Vegas,MWC,5,5,6,83.3,64,0,0.0,0,0.0,10.7,10.67,12.8,12.8,172.9,,cameron-friel-1
292,EJ Colson,UCF,Big 12,3,9,16,56.3,64,1,6.3,1,6.3,4.0,2.44,7.1,21.3,98.0,,ej-colson-1
293,Noah Smith*,Sam Houston,CUSA,11,1,2,50.0,64,1,50.0,0,0.0,32.0,42.00,64.0,5.8,483.8,,noah-smith-3
294,Antonio Williams,Clemson,ACC,14,2,2,100.0,62,1,50.0,0,0.0,31.0,41.00,31.0,4.4,525.4,,antonio-williams-2
295,KJ Jackson*,Arkansas,SEC,1,4,4,100.0,59,0,0.0,0,0.0,14.8,14.75,14.8,59.0,223.9,,kj-jackson-1
296,Chayden Peery,Florida International,CUSA,1,7,12,58.3,58,1,8.3,0,0.0,4.8,6.50,8.3,58.0,126.4,,chayden-peery-1
297,Cole Pennington,Marshall,Sun Belt,3,5,7,71.4,57,1,14.3,0,0.0,8.1,11.00,11.4,19.0,187.0,,cole-pennington-1
298,EJ Caminong*,California,ACC,1,6,19,31.6,57,0,0.0,0,0.0,3.0,3.00,9.5,57.0,56.8,,ej-caminong-1
299,Khalib Johnson,Kennesaw State,CUSA,4,6,22,27.3,57,0,0.0,3,13.6,2.6,-3.55,9.5,14.3,21.8,,khalib-johnson-1
300,Marshall Nichols*,Nevada-Las Vegas,MWC,14,1,1,100.0,52,0,0.0,0,0.0,52.0,52.00,52.0,3.7,536.8,,marshall-nichols-1
301,Trayvon Rudolph*,Northern Illinois,MAC,11,2,3,66.7,52,1,33.3,0,0.0,17.3,24.00,26.0,4.7,322.3,,trayvon-rudolph-1
302,Braden Bohannon,Kennesaw State,CUSA,5,5,10,50.0,51,0,0.0,0,0.0,5.1,5.10,10.2,10.2,92.8,,braden-bohannon-1
303,Cole Ballard,Kansas,Big 12,3,5,6,83.3,51,1,16.7,0,0.0,8.5,11.83,10.2,17.0,209.7,,cole-ballard-1
304,Malachi Fields,Virginia,ACC,12,2,3,66.7,51,0,0.0,0,0.0,17.0,17.00,25.5,4.3,209.5,,malachi-fields-1
305,Miles O'Neil*,Texas A&M,SEC,1,5,6,83.3,51,1,16.7,0,0.0,8.5,11.83,10.2,51.0,209.7,,miles-oneil-1
306,Stephen Kittleman,Tulsa,American,12,3,3,100.0,51,0,0.0,0,0.0,17.0,17.00,17.0,4.3,242.8,,stephen-kittleman-1
307,Drake Lindsey*,Minnesota,Big Ten,3,4,5,80.0,50,1,20.0,0,0.0,10.0,14.00,12.5,16.7,230.0,,drake-lindsey-1
308,Jalen Macon*,Northern Illinois,MAC,1,4,7,57.1,50,0,0.0,0,0.0,7.1,7.14,12.5,50.0,117.1,,jalen-macon-1
309,Connor Moberly*,Iowa State,Big 12,4,5,10,50.0,49,0,0.0,1,10.0,4.9,0.40,9.8,12.3,71.2,,connor-moberly-1
310,Dante Moore,Oregon,Big Ten,5,7,8,87.5,49,0,0.0,0,0.0,6.1,6.13,7.0,9.8,139.0,,dante-moore-1
311,Harrison Barker,UAB,American,4,3,3,100.0,49,1,33.3,0,0.0,16.3,23.00,16.3,12.3,347.2,,harrison-barker-1
312,Jake Merklinger,Tennessee,SEC,2,6,9,66.7,48,0,0.0,0,0.0,5.3,5.33,8.0,24.0,111.5,,jake-merklinger-1
313,Kanyon Floyd,Arizona State,Big 12,14,2,2,100.0,47,0,0.0,0,0.0,23.5,23.50,23.5,3.4,297.4,,kanyon-floyd-1
314,Davis Beville*,South Carolina,SEC,3,5,7,71.4,46,1,14.3,0,0.0,6.6,9.43,9.2,15.3,173.8,,davis-beville-1
315,Tim Carpenter,Tulsa,American,4,4,8,50.0,46,2,25.0,0,0.0,5.8,10.75,11.5,11.5,180.8,,tim-carpenter-2
316,Marcus Bellon,Nevada,MWC,13,1,2,50.0,44,1,50.0,0,0.0,22.0,32.00,44.0,3.4,399.8,,marcus-bellon-1
317,Baron May*,Bowling Green,MAC,1,1,1,100.0,43,1,100.0,0,0.0,43.0,63.00,43.0,43.0,791.2,,baron-may-1
318,Cameron Skattebo,Arizona State,Big 12,13,1,2,50.0,42,1,50.0,0,0.0,21.0,31.00,42.0,3.2,391.4,H-5,cameron-skattebo-1
319,DeAngelo Irvin Jr.*,Nevada-Las Vegas,MWC,13,1,1,100.0,42,0,0.0,0,0.0,42.0,42.00,42.0,3.2,452.8,,deangelo-irvin-jr-1
320,John-Keawe Sagapolutele,Hawaii,MWC,5,4,7,57.1,42,0,0.0,2,28.6,6.0,-6.86,10.5,8.4,50.4,,john-keawe-sagapolutele-1
321,Nick Nash*,San Jose State,MWC,12,2,2,100.0,42,2,100.0,0,0.0,21.0,41.00,21.0,3.5,606.4,AA,nick-nash-1
322,Ryan Boe,Northwestern,Big Ten,1,4,13,30.8,42,0,0.0,1,7.7,3.2,-0.23,10.5,42.0,42.5,,ryan-boe-1
323,Gunnar Gray*,Buffalo,MAC,4,4,11,36.4,41,0,0.0,1,9.1,3.7,-0.36,10.3,10.3,49.5,,gunnar-gray-1
324,Roman Gagliano,Middle Tennessee State,CUSA,3,4,9,44.4,41,0,0.0,0,0.0,4.6,4.56,10.3,13.7,82.7,,roman-gagliano-1
325,Nate Hampton*,Liberty,CUSA,2,2,9,22.2,40,1,11.1,1,11.1,4.4,1.67,20.0,20.0,74.0,,nate-hampton-1
326,Ahmad Haston,Massachusetts,Ind,5,8,9,88.9,39,0,0.0,0,0.0,4.3,4.33,4.9,7.8,125.3,,ahmad-haston-1
327,Austin Mack*,Alabama,SEC,1,2,3,66.7,39,1,33.3,0,0.0,13.0,19.67,19.5,39.0,285.9,,austin-mack-2
328,Jayden Mandal*,Fresno State,MWC,6,4,9,44.4,39,0,0.0,2,22.2,4.3,-5.67,9.8,6.5,36.4,,jayden-mandal-1
329,Makai Lemon*,USC,Big Ten,12,1,1,100.0,39,0,0.0,0,0.0,39.0,39.00,39.0,3.3,427.6,,makai-lemon-1
330,Brian Buschini*,Nebraska,Big Ten,13,2,2,100.0,38,0,0.0,0,0.0,19.0,19.00,19.0,2.9,259.6,,brian-buschini-1
331,Cardell Williams,Tulsa,American,7,5,11,45.5,37,0,0.0,0,0.0,3.4,3.36,7.4,5.3,73.7,,cardell-williams-1
332,Haden Carlson,Florida International,CUSA,1,4,6,66.7,37,0,0.0,2,33.3,6.2,-8.83,9.3,37.0,51.8,,haden-carlson-1
333,Grant Page,Utah State,MWC,12,1,1,100.0,36,0,0.0,0,0.0,36.0,36.00,36.0,3.0,402.4,,grant-page-1
334,Rickie Collins*,LSU,SEC,3,5,5,100.0,35,0,0.0,0,0.0,7.0,7.00,7.0,11.7,158.8,,rickie-collins-1
335,Tyler Warren*,Penn State,Big Ten,16,3,6,50.0,35,1,16.7,0,0.0,5.8,9.17,11.7,2.2,154.0,H-7,tyler-warren-1
336,Holden Geriner,Auburn,SEC,2,2,2,100.0,33,0,0.0,0,0.0,16.5,16.50,16.5,16.5,238.6,,holden-geriner-1
337,Parker Kingston*,BYU,Big 12,13,1,3,33.3,33,1,33.3,0,0.0,11.0,17.67,33.0,2.5,235.7,,parker-kingston-1
338,Jacob Ulrich,Kennesaw State,CUSA,12,1,1,100.0,32,0,0.0,0,0.0,32.0,32.00,32.0,2.7,368.8,,jacob-ulrich-1
339,Lucian Anderson III*,Bowling Green,MAC,8,5,12,41.7,32,1,8.3,1,8.3,2.7,0.58,6.4,4.0,74.9,,lucian-anderson-iii-1
340,Deuce Hogan,New Mexico State,CUSA,2,6,18,33.3,31,0,0.0,2,11.1,1.7,-3.28,5.2,15.5,25.6,,deuce-hogan-1
341,Michael Johnson Jr.*,Syracuse,ACC,1,2,3,66.7,31,0,0.0,0,0.0,10.3,10.33,15.5,31.0,153.5,,michael-johnson-jr-1
342,Wyatt Young*,North Texas,American,13,1,1,100.0,31,0,0.0,0,0.0,31.0,31.00,31.0,2.4,360.4,,wyatt-young-2
343,Javon Tracy*,Miami (OH),MAC,13,1,1,100.0,30,1,100.0,0,0.0,30.0,50.00,30.0,2.3,682.0,,javon-tracy-1
344,Matthew Golden*,Texas,SEC,16,1,2,50.0,30,0,0.0,0,0.0,15.0,15.00,30.0,1.9,176.0,,matthew-golden-1
345,Donovan Leary*,Illinois,Big Ten,2,2,5,40.0,29,0,0.0,0,0.0,5.8,5.80,14.5,14.5,88.7,,donovan-leary-2
346,Joseph Manjack IV,Houston,Big 12,11,2,3,66.7,29,0,0.0,1,33.3,9.7,-5.33,14.5,2.6,81.2,,joseph-manjack-iv-1
347,Landon Parker,Troy,Sun Belt,12,1,3,33.3,29,0,0.0,0,0.0,9.7,9.67,29.0,2.4,114.5,,landon-parker-2
348,Kevin Concepcion*,North Carolina State,ACC,12,1,1,100.0,28,0,0.0,0,0.0,28.0,28.00,28.0,2.3,335.2,,kevin-concepcion-2
349,David Amador II*,UTSA,American,5,1,1,100.0,27,0,0.0,0,0.0,27.0,27.00,27.0,5.4,326.8,,david-amador-ii-1
350,Gerry Bohanon*,BYU,Big 12,4,3,4,75.0,27,0,0.0,1,25.0,6.8,-4.50,9.0,6.8,81.7,,gerry-bohanon-1
351,Jordan Napier,San Diego State,MWC,12,1,2,50.0,27,1,50.0,0,0.0,13.5,23.50,27.0,2.3,328.4,,jordan-napier-1
352,Ollie Gordon,Oklahoma State,Big 12,12,1,1,100.0,27,0,0.0,0,0.0,27.0,27.00,27.0,2.3,326.8,,ollie-gordon-1
353,Suderian Harrison,Virginia,ACC,8,1,1,100.0,27,0,0.0,0,0.0,27.0,27.00,27.0,3.4,326.8,,suderian-harrison-1
354,Trey Goodman,UTEP,CUSA,12,1,3,33.3,27,0,0.0,2,66.7,9.0,-21.00,27.0,2.3,-24.4,,trey-goodman-1
355,Carson Hansen*,Iowa State,Big 12,14,1,1,100.0,26,0,0.0,0,0.0,26.0,26.00,26.0,1.9,318.4,,carson-hansen-1
356,Christian Gelov,Purdue,Big Ten,1,1,3,33.3,26,0,0.0,0,0.0,8.7,8.67,26.0,26.0,106.1,,christian-gelov-1
357,Jaxon Potter*,Washington State,Ind,2,2,2,100.0,26,0,0.0,0,0.0,13.0,13.00,13.0,13.0,209.2,,jaxon-potter-1
358,Raylen Sharpe*,Fresno State,MWC,11,1,1,100.0,26,1,100.0,0,0.0,26.0,46.00,26.0,2.4,648.4,,raylen-sharpe-1
359,Brady Lichtenberg,Cincinnati,Big 12,3,3,5,60.0,25,0,0.0,0,0.0,5.0,5.00,8.3,8.3,102.0,,brady-lichtenberg-1
360,Chandler Pittman,Southern Mississippi,Sun Belt,10,1,1,100.0,25,0,0.0,0,0.0,25.0,25.00,25.0,2.5,310.0,,chandler-pittman-1
361,George Dimopoulus*,Northern Illinois,MAC,13,1,1,100.0,25,1,100.0,0,0.0,25.0,45.00,25.0,1.9,640.0,,george-dimopoulus-1
362,David Chapeau,Central Michigan,MAC,12,1,1,100.0,23,0,0.0,0,0.0,23.0,23.00,23.0,1.9,293.2,,david-chapeau-2
363,Donovan Edwards*,Michigan,Big Ten,12,1,1,100.0,23,1,100.0,0,0.0,23.0,43.00,23.0,1.9,623.2,,donovan-edwards-1
364,Dylan Lonergan*,Alabama,SEC,2,5,6,83.3,23,0,0.0,0,0.0,3.8,3.83,4.6,11.5,115.5,,dylan-lonergan-1
365,Jacobe Robinson*,Boston College,ACC,2,2,3,66.7,23,0,0.0,0,0.0,7.7,7.67,11.5,11.5,131.1,,jacobe-robinson-1
366,Kobe Johnson*,Colorado State,MWC,13,1,1,100.0,23,1,100.0,0,0.0,23.0,43.00,23.0,1.8,623.2,,kobe-johnson-1
367,Taji Hudson*,James Madison,Sun Belt,11,1,1,100.0,23,0,0.0,0,0.0,23.0,23.00,23.0,2.1,293.2,,taji-hudson-1
368,Tyler Buchner*,Notre Dame,Ind,2,1,1,100.0,23,0,0.0,0,0.0,23.0,23.00,23.0,11.5,293.2,,tyler-buchner-1
369,Braedon Sloan,Ball State,MAC,12,1,1,100.0,22,1,100.0,0,0.0,22.0,42.00,22.0,1.8,614.8,,braedon-sloan-1
370,Jacob Conover,Utah State,MWC,2,2,4,50.0,22,0,0.0,0,0.0,5.5,5.50,11.0,11.0,96.2,,jacob-conover-1
371,Savion Williams*,Texas Christian,Big 12,12,3,3,100.0,22,1,33.3,0,0.0,7.3,14.00,7.3,1.8,271.6,,savion-williams-2
372,Terry Lockett Jr.,Eastern Michigan,MAC,12,1,1,100.0,22,1,100.0,0,0.0,22.0,42.00,22.0,1.8,614.8,,terry-lockett-jr-1
373,Broc Lowry*,Western Michigan,MAC,11,4,8,50.0,21,0,0.0,0,0.0,2.6,2.63,5.3,1.9,72.1,,broc-lowry-1
374,DJ Herman,San Diego State,MWC,12,1,1,100.0,21,0,0.0,0,0.0,21.0,21.00,21.0,1.8,276.4,,dj-herman-1
375,Micah Ford,Stanford,ACC,9,2,2,100.0,21,2,100.0,0,0.0,10.5,30.50,10.5,2.3,518.2,,micah-ford-1
376,Quinton Jackson,Rice,American,12,1,1,100.0,21,0,0.0,0,0.0,21.0,21.00,21.0,1.8,276.4,,quinton-jackson-1
377,Coy Eakin*,Texas Tech,Big 12,13,1,2,50.0,20,1,50.0,0,0.0,10.0,20.00,20.0,1.5,299.0,,coy-eakin-1
378,Jalin Conyers*,Texas Tech,Big 12,13,1,1,100.0,20,1,100.0,0,0.0,20.0,40.00,20.0,1.5,598.0,,jalin-conyers-1
379,Reese Poffenbarger*,Miami (FL),ACC,4,6,7,85.7,20,0,0.0,0,0.0,2.9,2.86,3.3,5.0,109.7,,reese-poffenbarger-1
380,Shay Smith,UTEP,CUSA,4,3,3,100.0,20,0,0.0,0,0.0,6.7,6.67,6.7,5.0,156.0,,shay-smith-1
381,Tucker McDonald*,Connecticut,Ind,3,3,5,60.0,20,0,0.0,0,0.0,4.0,4.00,6.7,6.7,93.6,,tucker-mcdonald-1
382,Caleb Hood*,North Carolina,ACC,5,2,3,66.7,19,1,33.3,0,0.0,6.3,13.00,9.5,3.8,229.9,,caleb-hood-1
383,Dane Olson*,Colorado State,MWC,13,2,3,66.7,19,1,33.3,0,0.0,6.3,13.00,9.5,1.5,229.9,,dane-olson-1
384,Hunter Herring,Louisiana-Monroe,Sun Belt,8,1,2,50.0,19,0,0.0,0,0.0,9.5,9.50,19.0,2.4,129.8,,hunter-herring-1
385,Kajiya Hollawayne,Temple,American,11,1,1,100.0,19,0,0.0,0,0.0,19.0,19.00,19.0,1.7,259.6,,kajiya-hollawayne-2
386,Marquis Crosby*,Louisiana Tech,CUSA,11,1,1,100.0,19,1,100.0,0,0.0,19.0,39.00,19.0,1.7,589.6,,marquis-crosby-1
387,Nate Bennett*,Baylor,Big 12,3,1,2,50.0,19,0,0.0,0,0.0,9.5,9.50,19.0,6.3,129.8,,nate-bennett-4
388,Trey Owens*,Texas,SEC,2,2,4,50.0,19,0,0.0,0,0.0,4.8,4.75,9.5,9.5,89.9,,trey-owens-1
389,Jacob Knuth*,Kansas State,Big 12,2,2,2,100.0,18,0,0.0,0,0.0,9.0,9.00,9.0,9.0,175.6,,jacob-knuth-1
390,Jaden Smith,Nevada,MWC,13,1,1,100.0,18,0,0.0,0,0.0,18.0,18.00,18.0,1.4,251.2,,jaden-smith-2
391,JD Sherrod,Kent State,MAC,2,2,7,28.6,18,0,0.0,0,0.0,2.6,2.57,9.0,9.0,50.2,,jd-sherrod-1
392,Kyle Lowe,Georgia State,Sun Belt,5,3,7,42.9,18,1,14.3,0,0.0,2.6,5.43,6.0,3.6,111.6,,kyle-lowe-2
393,R.J. Harvey,UCF,Big 12,12,1,1,100.0,18,0,0.0,0,0.0,18.0,18.00,18.0,1.5,251.2,,rj-harvey-1
394,Ta'Quan Roberson*,Kansas State,Big 12,6,3,7,42.9,18,0,0.0,0,0.0,2.6,2.57,6.0,3.0,64.5,,taquan-roberson-1
395,Walker White,Auburn,SEC,1,2,5,40.0,18,0,0.0,0,0.0,3.6,3.60,9.0,18.0,70.2,,walker-white-1
396,Eli Stowers*,Vanderbilt,SEC,13,1,2,50.0,17,1,50.0,0,0.0,8.5,18.50,17.0,1.3,286.4,,eli-stowers-1
397,Tyler Pastula,San Diego State,MWC,12,3,3,100.0,17,0,0.0,0,0.0,5.7,5.67,5.7,1.4,147.6,,tyler-pastula-1
398,Brennan Presley,Oklahoma State,Big 12,12,1,1,100.0,16,1,100.0,0,0.0,16.0,36.00,16.0,1.3,564.4,,brennan-presley-1
399,Taylor Tatum*,Oklahoma,SEC,11,2,2,100.0,16,1,50.0,0,0.0,8.0,18.00,8.0,1.5,332.2,,taylor-tatum-1
400,Trent Ward*,San Jose State,MWC,1,1,3,33.3,16,0,0.0,1,33.3,5.3,-9.67,16.0,16.0,11.5,,trent-ward-2
401,Jackson Brousseau*,Colorado State,MWC,1,3,6,50.0,15,0,0.0,1,16.7,2.5,-5.00,5.0,15.0,37.7,,jackson-brousseau-1
402,Davis Sherwood*,Notre Dame,Ind,15,1,1,100.0,14,0,0.0,0,0.0,14.0,14.00,14.0,0.9,217.6,,davis-sherwood-1
403,Harris Boyd*,Memphis,American,3,1,1,100.0,14,0,0.0,0,0.0,14.0,14.00,14.0,4.7,217.6,,harris-boyd-1
404,Tetairoa McMillan,Arizona,Big 12,12,1,2,50.0,14,0,0.0,0,0.0,7.0,7.00,14.0,1.2,108.8,AA,tetairoa-mcmillan-1
405,Alex Tecza*,Navy,American,13,1,1,100.0,13,0,0.0,0,0.0,13.0,13.00,13.0,1.0,209.2,,alex-tecza-1
406,Max Cutforth,Boise State,MWC,2,2,2,100.0,13,0,0.0,0,0.0,6.5,6.50,6.5,6.5,154.6,,max-cutforth-1
407,Nate Johnson*,Vanderbilt,SEC,10,1,3,33.3,12,0,0.0,0,0.0,4.0,4.00,12.0,1.2,66.9,,nate-johnson-3
408,OJ Arnold*,Georgia Southern,Sun Belt,12,1,1,100.0,12,1,100.0,0,0.0,12.0,32.00,12.0,1.0,530.8,,oj-arnold-1
409,Sean Atkins*,South Florida,American,13,1,3,33.3,12,1,33.3,0,0.0,4.0,10.67,12.0,0.9,176.9,,sean-atkins-1
410,Cameran Brown*,Texas Tech,Big 12,8,4,9,44.4,11,0,0.0,1,11.1,1.2,-3.78,2.8,1.4,32.5,,cameran-brown-1
411,Jalyn Gramstad*,Nebraska,Big Ten,1,1,3,33.3,11,0,0.0,0,0.0,3.7,3.67,11.0,11.0,64.1,,jalyn-gramstad-1
412,Nicholas Barr-Mira,Mississippi State,SEC,12,1,1,100.0,11,0,0.0,0,0.0,11.0,11.00,11.0,0.9,192.4,,nicholas-barr-mira-1
413,Pierce Clarkson*,Louisville,ACC,2,3,4,75.0,11,0,0.0,0,0.0,2.8,2.75,3.7,5.5,98.1,,pierce-clarkson-1
414,Reagan Ealy*,Arkansas State,Sun Belt,13,1,1,100.0,11,0,0.0,0,0.0,11.0,11.00,11.0,0.8,192.4,,reagan-ealy-1
415,AJ Swann*,LSU,SEC,2,2,4,50.0,10,0,0.0,0,0.0,2.5,2.50,5.0,5.0,71.0,,aj-swann-1
416,Champ Long,Maryland,Big Ten,1,1,2,50.0,10,0,0.0,0,0.0,5.0,5.00,10.0,10.0,92.0,,champ-long-1
417,Cole Welliver*,Connecticut,Ind,1,2,4,50.0,10,0,0.0,0,0.0,2.5,2.50,5.0,10.0,71.0,,cole-welliver-1
418,Darius Taylor*,Minnesota,Big Ten,12,1,1,100.0,10,1,100.0,0,0.0,10.0,30.00,10.0,0.8,514.0,,darius-taylor-1
419,Navy Shuler,Tennessee,SEC,2,1,3,33.3,10,0,0.0,0,0.0,3.3,3.33,10.0,5.0,61.3,,navy-shuler-1
420,Brayden Roggow,Akron,MAC,1,1,2,50.0,9,0,0.0,1,50.0,4.5,-18.00,9.0,9.0,-12.2,,brayden-roggow-1
421,Carson Cruver,Florida Atlantic,American,1,1,1,100.0,9,0,0.0,0,0.0,9.0,9.00,9.0,9.0,175.6,,carson-cruver-1
422,Drew Bobo,Georgia,SEC,14,1,1,100.0,9,0,0.0,0,0.0,9.0,9.00,9.0,0.6,175.6,,drew-bobo-1
423,Ethan Grunkemeyer*,Penn State,Big Ten,1,1,2,50.0,9,0,0.0,1,50.0,4.5,-18.00,9.0,9.0,-12.2,,ethan-grunkemeyer-1
424,Harold Fannin Jr.*,Bowling Green,MAC,13,1,2,50.0,9,0,0.0,0,0.0,4.5,4.50,9.0,0.7,87.8,AA,harold-fannin-jr-1
425,Kai Horton*,Tulane,American,1,1,1,100.0,9,0,0.0,0,0.0,9.0,9.00,9.0,9.0,175.6,,kai-horton-1
426,Kiael Kelly,Ball State,MAC,11,2,4,50.0,8,0,0.0,0,0.0,2.0,2.00,4.0,0.7,66.8,,kiael-kelly-1
427,Shamar Rigby,Purdue,Big Ten,12,1,1,100.0,8,0,0.0,0,0.0,8.0,8.00,8.0,0.7,167.2,,shamar-rigby-1
428,Trent Pearman,Clemson,ACC,3,2,5,40.0,8,0,0.0,1,20.0,1.6,-7.40,4.0,2.7,13.4,,trent-pearman-1
429,Austin Novosad,Oregon,Big Ten,3,2,2,100.0,7,0,0.0,0,0.0,3.5,3.50,3.5,2.3,129.4,,austin-novosad-1
430,Elijah Arroyo*,Miami (FL),ACC,13,1,1,100.0,7,1,100.0,0,0.0,7.0,27.00,7.0,0.5,488.8,,elijah-arroyo-1
431,Aiden Leffler,Ball State,MAC,2,2,6,33.3,6,0,0.0,0,0.0,1.0,1.00,3.0,3.0,41.7,,aiden-leffler-1
432,Alberto Mendoza,Indiana,Big Ten,1,1,1,100.0,6,0,0.0,0,0.0,6.0,6.00,6.0,6.0,150.4,,alberto-mendoza-1
433,D'Wany√© Winfield*,Louisiana,Sun Belt,1,1,2,50.0,6,0,0.0,0,0.0,3.0,3.00,6.0,6.0,75.2,,dwanye-winfield-1
434,Dylan Morris*,James Madison,Sun Belt,4,1,1,100.0,6,0,0.0,0,0.0,6.0,6.00,6.0,1.5,150.4,,dylan-morris-1
435,Jaylin Lane*,Virginia Tech,ACC,12,1,1,100.0,6,1,100.0,0,0.0,6.0,26.00,6.0,0.5,480.4,,jaylin-lane-1
436,Jaden Smith,UTEP,CUSA,4,1,1,100.0,4,1,100.0,0,0.0,4.0,24.00,4.0,1.0,463.6,,jaden-smith-4
437,Kenny Minchey*,Notre Dame,Ind,1,1,1,100.0,4,0,0.0,0,0.0,4.0,4.00,4.0,4.0,133.6,,kenny-minchey-1
438,Caleb Junko*,Pitt,ACC,13,1,1,100.0,3,0,0.0,0,0.0,3.0,3.00,3.0,0.2,125.2,,caleb-junko-1
439,Cole Tannenbaum,Arizona,Big 12,4,1,5,20.0,3,0,0.0,1,20.0,0.6,-8.40,3.0,0.8,-15.0,,cole-tannenbaum-1
440,Mabrey Mettauer,Wisconsin,Big Ten,3,1,1,100.0,2,0,0.0,0,0.0,2.0,2.00,2.0,0.7,116.8,,mabrey-mettauer-1
441,JC Evans*,James Madison,Sun Belt,3,1,1,100.0,1,1,100.0,0,0.0,1.0,21.00,1.0,0.3,438.4,,jc-evans-1
442,Lucas Scheerhorn,Kennesaw State,CUSA,3,1,3,33.3,1,0,0.0,1,33.3,0.3,-14.67,1.0,0.3,-30.5,,lucas-scheerhorn-1
443,Simeon Evans*,Sam Houston,CUSA,13,1,1,100.0,1,0,0.0,0,0.0,1.0,1.00,1.0,0.1,108.4,,simeon-evans-1
444,Adam Jacklin,UTEP,CUSA,12,0,1,0.0,0,0,0.0,0,0.0,0.0,0.00,,0.0,0.0,,adam-jacklin-1
445,Alec Bevelhimer*,Miami (OH),MAC,14,0,1,0.0,0,0,0.0,1,100.0,0.0,-45.00,,0.0,-200.0,,alec-bevelhimer-1
446,Alessio Milivojevic,Michigan State,Big Ten,1,0,1,0.0,0,0,0.0,1,100.0,0.0,-45.00,,0.0,-200.0,,alessio-milivojevic-1
447,Anthony Sambucci*,Western Michigan,MAC,11,0,2,0.0,0,0,0.0,0,0.0,0.0,0.00,,0.0,0.0,,anthony-sambucci-1
448,Anthony Smith*,East Carolina,American,13,0,1,0.0,0,0,0.0,0,0.0,0.0,0.00,,0.0,0.0,,anthony-smith-14
449,Bauer Sharp*,Oklahoma,SEC,12,0,1,0.0,0,0,0.0,1,100.0,0.0,-45.00,,0.0,-200.0,,bauer-sharp-1
450,Billy Wiles,Appalachian State,Sun Belt,2,0,1,0.0,0,0,0.0,1,100.0,0.0,-45.00,,0.0,-200.0,,billy-wiles-1
451,Brenen Thompson*,Oklahoma,SEC,11,0,1,0.0,0,0,0.0,0,0.0,0.0,0.00,,0.0,0.0,,brenen-thompson-1
452,Caden Davis*,Ole Miss,SEC,13,0,1,0.0,0,0,0.0,1,100.0,0.0,-45.00,,0.0,-200.0,,caden-davis-1
453,Cam Pickett,Ball State,MAC,12,0,1,0.0,0,0,0.0,1,100.0,0.0,-45.00,,0.0,-200.0,,cam-pickett-1
454,Chris Parson,Mississippi State,SEC,4,0,2,0.0,0,0,0.0,0,0.0,0.0,0.00,,0.0,0.0,,chris-parson-1
455,Chrishon McCray,Kent State,MAC,11,0,1,0.0,0,0,0.0,0,0.0,0.0,0.00,,0.0,0.0,,chrishon-mccray-1
456,CJ Johnson II,Northwestern,Big Ten,12,0,1,0.0,0,0,0.0,0,0.0,0.0,0.00,,0.0,0.0,,cj-johnson-ii-1
457,Connor Stutz*,Connecticut,Ind,13,0,1,0.0,0,0,0.0,0,0.0,0.0,0.00,,0.0,0.0,,connor-stutz-1
458,Connor Weselman,Stanford,ACC,12,0,1,0.0,0,0,0.0,0,0.0,0.0,0.00,,0.0,0.0,,connor-weselman-1
459,Dalen Cobb*,Georgia Southern,Sun Belt,13,0,3,0.0,0,0,0.0,0,0.0,0.0,0.00,,0.0,0.0,,dalen-cobb-1
460,Damien Alford,Utah,Big 12,4,0,1,0.0,0,0,0.0,1,100.0,0.0,-45.00,,0.0,-200.0,,damien-alford-1
461,Eli Heidenreich*,Navy,American,13,0,2,0.0,0,0,0.0,0,0.0,0.0,0.00,,0.0,0.0,,eli-heidenreich-1
462,Elijah Young*,Western Kentucky,CUSA,14,0,1,0.0,0,0,0.0,0,0.0,0.0,0.00,,0.0,0.0,,elijah-young-1
463,Emile Sebafundi*,Coastal Carolina,Sun Belt,13,0,1,0.0,0,0,0.0,1,100.0,0.0,-45.00,,0.0,-200.0,,emile-sebafundi-1
464,Evan Prater,Cincinnati,Big 12,11,0,1,0.0,0,0,0.0,0,0.0,0.0,0.00,,0.0,0.0,,evan-prater-1
465,Gavin Bartholomew*,Pitt,ACC,13,0,1,0.0,0,0,0.0,0,0.0,0.0,0.00,,0.0,0.0,,gavin-bartholomew-1
466,Hinckley Ropati*,BYU,Big 12,8,0,1,0.0,0,0,0.0,1,100.0,0.0,-45.00,,0.0,-200.0,,hinckley-ropati-1
467,Holman Edwards,Houston,Big 12,1,0,1,0.0,0,0,0.0,0,0.0,0.0,0.00,,0.0,0.0,,holman-edwards-1
468,Ja'koby Banks*,Memphis,American,9,0,1,0.0,0,0,0.0,0,0.0,0.0,0.00,,0.0,0.0,,jakoby-banks-1
469,James Tucker*,Coastal Carolina,Sun Belt,13,0,1,0.0,0,0,0.0,0,0.0,0.0,0.00,,0.0,0.0,,james-tucker-4
470,James Wagenseller*,Army,American,12,1,1,100.0,0,0,0.0,0,0.0,0.0,0.00,0.0,0.0,100.0,,james-wagenseller-1
471,Jaquez Moore*,Duke,ACC,5,0,1,0.0,0,0,0.0,0,0.0,0.0,0.00,,0.0,0.0,,jaquez-moore-1
472,Jarquez Hunter,Auburn,SEC,12,0,1,0.0,0,0,0.0,1,100.0,0.0,-45.00,,0.0,-200.0,,jarquez-hunter-1
473,Jason Llewellyn*,Texas Tech,Big 12,12,0,1,0.0,0,0,0.0,0,0.0,0.0,0.00,,0.0,0.0,,jason-llewellyn-1
474,Jaylin Noel*,Iowa State,Big 12,14,0,2,0.0,0,0,0.0,0,0.0,0.0,0.00,,0.0,0.0,,jaylin-noel-1
475,Jimmy Holiday*,Louisiana Tech,CUSA,13,0,1,0.0,0,0,0.0,0,0.0,0.0,0.00,,0.0,0.0,,jimmy-holiday-1
476,Justice Ellison,Indiana,Big Ten,13,0,1,0.0,0,0,0.0,0,0.0,0.0,0.00,,0.0,0.0,,justice-ellison-1
477,Justin Pegues*,Bowling Green,MAC,13,0,1,0.0,0,0,0.0,0,0.0,0.0,0.00,,0.0,0.0,,justin-pegues-1
478,Kaedin Robinson,Appalachian State,Sun Belt,9,0,1,0.0,0,0,0.0,1,100.0,0.0,-45.00,,0.0,-200.0,,kaedin-robinson-1
479,Kai Kroeger*,South Carolina,SEC,13,0,2,0.0,0,0,0.0,0,0.0,0.0,0.00,,0.0,0.0,,kai-kroeger-1
480,Keldric Luster,SMU,ACC,5,1,3,33.3,0,0,0.0,0,0.0,0.0,0.00,0.0,0.0,33.3,,keldric-luster-1
481,Kenyon Clay,Southern Mississippi,Sun Belt,12,0,1,0.0,0,0,0.0,0,0.0,0.0,0.00,,0.0,0.0,,kenyon-clay-1
482,Kyre Duplessis*,Coastal Carolina,Sun Belt,12,0,3,0.0,0,0,0.0,1,33.3,0.0,-15.00,,0.0,-66.7,,kyre-duplessis-1
483,Kyron Ware-Hudson*,USC,Big Ten,12,0,1,0.0,0,0,0.0,0,0.0,0.0,0.00,,0.0,0.0,,kyron-ware-hudson-1
484,Landry Lyddy,UAB,American,2,1,5,20.0,0,0,0.0,0,0.0,0.0,0.00,0.0,0.0,20.0,,landry-lyddy-1
485,Luke Floriea,Kent State,MAC,12,0,1,0.0,0,0,0.0,1,100.0,0.0,-45.00,,0.0,-200.0,,luke-floriea-1
486,Luke Hutchison*,Navy,American,13,0,1,0.0,0,0,0.0,0,0.0,0.0,0.00,,0.0,0.0,,luke-hutchison-2
487,Mario Williams*,Tulane,American,14,0,1,0.0,0,0,0.0,0,0.0,0.0,0.00,,0.0,0.0,,mario-williams-2
488,Marquis Johnson*,Missouri,SEC,12,0,1,0.0,0,0,0.0,0,0.0,0.0,0.00,,0.0,0.0,,marquis-johnson-3
489,Matthew Rhodes*,Army,American,14,0,1,0.0,0,0,0.0,0,0.0,0.0,0.00,,0.0,0.0,,matthew-rhodes-2
490,Mikey Matthews*,California,ACC,13,0,1,0.0,0,0,0.0,0,0.0,0.0,0.00,,0.0,0.0,,mikey-matthews-1
491,Mitchell Tomasek,Eastern Michigan,MAC,12,0,1,0.0,0,0,0.0,0,0.0,0.0,0.00,,0.0,0.0,,mitchell-tomasek-1
492,Richie Hoskins*,Vanderbilt,SEC,13,0,1,0.0,0,0,0.0,0,0.0,0.0,0.00,,0.0,0.0,,richie-hoskins-1
493,Roderick Daniels Jr.,SMU,ACC,14,0,1,0.0,0,0,0.0,0,0.0,0.0,0.00,,0.0,0.0,,roderick-daniels-jr-1
494,Ryan Millmore*,Western Michigan,MAC,13,0,1,0.0,0,0,0.0,1,100.0,0.0,-45.00,,0.0,-200.0,,ryan-millmore-1
495,Ryan Staub*,Colorado,Big 12,4,0,4,0.0,0,0,0.0,0,0.0,0.0,0.00,,0.0,0.0,,ryan-staub-1
496,Semaj Morgan*,Michigan,Big Ten,11,0,1,0.0,0,0,0.0,0,0.0,0.0,0.00,,0.0,0.0,,semaj-morgan-1
497,Taylor Morin,Wake Forest,ACC,12,0,1,0.0,0,0,0.0,0,0.0,0.0,0.00,,0.0,0.0,,taylor-morin-1
498,Tez Johnson,Oregon,Big Ten,12,0,1,0.0,0,0,0.0,0,0.0,0.0,0.00,,0.0,0.0,,tez-johnson-1
499,Trace Campbell,UAB,American,6,0,1,0.0,0,0,0.0,0,0.0,0.0,0.00,,0.0,0.0,,trace-campbell-2
500,Trebor Pena*,Syracuse,ACC,13,0,1,0.0,0,0,0.0,0,0.0,0.0,0.00,,0.0,0.0,,trebor-pena-1
501,Trent Walker,Oregon State,Ind,12,0,1,0.0,0,0,0.0,0,0.0,0.0,0.00,,0.0,0.0,,trent-walker-1
502,Trent Whittemore,UCF,Big 12,11,0,1,0.0,0,0,0.0,0,0.0,0.0,0.00,,0.0,0.0,,trent-whittemore-1
503,Ty Son Lawton,Indiana,Big Ten,13,0,1,0.0,0,0,0.0,0,0.0,0.0,0.00,,0.0,0.0,,ty-son-lawton-2
504,Tyrell Robinson*,Army,American,8,0,1,0.0,0,0,0.0,0,0.0,0.0,0.00,,0.0,0.0,,tyrell-robinson-2
505,Walker Howard*,Ole Miss,SEC,2,0,2,0.0,0,0,0.0,0,0.0,0.0,0.00,,0.0,0.0,,walker-howard-1
506,Wilson Berry,Kentucky,SEC,12,0,1,0.0,0,0,0.0,1,100.0,0.0,-45.00,,0.0,-200.0,,wilson-berry-1
507,Xavier Restrepo*,Miami (FL),ACC,12,0,1,0.0,0,0,0.0,0,0.0,0.0,0.00,,0.0,0.0,AA,xavier-restrepo-1
508,Zion Turner*,Jacksonville State,CUSA,1,0,1,0.0,0,0,0.0,0,0.0,0.0,0.00,,0.0,0.0,,zion-turner-1
509,Peter Moore*,Virginia Tech,ACC,13,1,1,100.0,-1,0,0.0,0,0.0,-1.0,-1.00,-1.0,-0.1,91.6,,peter-moore-1
510,Nate Rogers,UAB,American,1,1,1,100.0,-9,0,0.0,0,0.0,-9.0,-9.00,-9.0,-9.0,24.4,,nate-rogers-1